"FileName","SizeBytes","SHA256"
"AI_Official_Statistics_Strategic_Positioning_Note_V1.docx","47884","9E9366760D246B7A9324B88A2A46D797E865CCA52B0DCCE800BB09A3B0C7C47B"
"AI_Use_Case_Identification_Screening_and_Prioritization_Toolkit_V1.xlsx","68244","76EADE0B5F467F70EAE3268DF439C5A16509D2A05371CA0C165B1B1542B989C8"
"Block_A1_Complete_Teaching_Package_National_Information_Ecosystem_V1.docx","56055","DEA756B78391352AF7A0617B8A77D7749BFF5FD32EC38F67F12E27BD879FDC41"
"Controlled_AI_Pilot_Design_Evaluation_and_Statistical_Assurance_Protocol_V1.docx","66747","C7C63E14200B3E370555425766DF1AEEA4131127CFFB82139F9FD84D200FDBC8"
"Institution_and_NSS_AI_Readiness_Questionnaire_V1.docx","59912","86E8130A3D659DF1581E2C6C826767BEB7B586C557DF3AB6E88CABABC9BF9FDE"
"National_Diagnostic_Synthesis_and_AI_Action_Plan_Template_V1.docx","65546","94C0F523E9C09122C9FD7A296C4482D5D45D1EBBF8E130273E075A82FF2C6191"
"National_Information_Ecosystem_AI_Diagnostic_Framework_V1.docx","55624","847BA17B304000F25E55BB9386BFDA099EC3FF36A77A5CB7F57955F3BBD4F20D"
"National_Information_Ecosystem_AI_Programme_V1.docx","60504","4E27F519F039D95784D1FD8C760540D63F2E2A35190C3500625EC62159F03D4D"
"National_Information_Ecosystem_AI_Readiness_Scoring_Workbook_V1.xlsx","70431","1B35E1812A13FE3113BC9D9A6F090C5598A949D45DEF01F8B7452CD87418D9F7"
"National_Information_Ecosystem_Mapping_Toolkit_V1.xlsx","103794","88878F4D7DC70423E20E283F88C1950D0C4B7D3D1F37A00405D0A4B1E59F1245"
"Phase_1_Package_Review_and_Phase_2_Design_Brief_V1.docx","49926","A396AA6562068AA46ECB0E63A4FE4B539283B728CB7FD296E784AFE543D357D5"
"Phase_2A_Curriculum_Blueprint_and_Competency_Architecture_V1.docx","58741","88FE46CF789CCD91E5454E8F8BFCEDDAC8B4D56F0FE872584EAD0F953A38A40E"
"Phase_2B_Module_and_Laboratory_Production_Standard_V1.docx","52448","C0EA58EDE74D1E3A22CBA318B049A7C8FB02D3BF49C3076DCB568B0D4DD0966B"
