Slide,Title,Seconds
1,The National Information Ecosystem,35
2,Learning outcomes,45
3,The information ecosystem,55
4,Three nested boundaries,50
5,Roles and institutional authority,55
6,Information assets,55
7,Information flows and transformations,55
8,Quality and safeguards,55
9,Evidence labels,45
10,Fictional case: Republic of Kintaba,50
11,Exercise sequence,45
12,AI opportunity screening,55
13,Common failure patterns,50
14,From diagnostic to action plan,55
15,Assessment evidence,50
16,One method across multiple public decisions,45
17,Kintaba evidence package,45
18,Material risk exposure,55
19,Five candidate AI opportunities,55
20,Disposition by opportunity,50
21,Controlled pilot boundary,50
22,Statistical assurance record,55
23,Institutional action priorities,50
24,Executive authorization,45
TOTAL,,1205
