task_id,region,production_stage,input_type,objective,repeatability,uncertainty_level,decision_authority,sensitivity,true_mechanism
KT-0001,Central,planning,structured,validate,1,low,advisory,public,no_ai
KT-0002,Central,collection,mixed,allocate,3,high,operational,public,optimization
KT-0003,Central,processing,image,retrieve,5,medium,statistical_release,public,no_ai
KT-0004,Central,analysis,text,draft,2,low,advisory,public,generative_retrieval
KT-0005,Central,dissemination,structured,predict,4,high,operational,public,supervised_learning
KT-0006,North,planning,mixed,classify,1,medium,statistical_release,public,no_ai
KT-0007,North,collection,image,validate,3,low,advisory,public,no_ai
KT-0008,North,processing,text,validate,5,high,operational,public,no_ai
KT-0009,North,analysis,structured,allocate,2,medium,statistical_release,public,optimization
KT-0010,North,dissemination,mixed,retrieve,4,low,advisory,public,rule_based
KT-0011,River,planning,image,draft,1,high,operational,public,no_ai
KT-0012,River,collection,image,predict,3,medium,statistical_release,public,supervised_learning
KT-0013,River,processing,text,classify,5,low,advisory,public,supervised_learning
KT-0014,River,analysis,structured,validate,2,low,operational,public,no_ai
KT-0015,River,dissemination,mixed,validate,4,high,statistical_release,public,no_ai
KT-0016,Highlands,planning,image,allocate,1,medium,advisory,public,optimization
KT-0017,Highlands,collection,text,retrieve,3,low,operational,public,generative_retrieval
KT-0018,Highlands,processing,structured,draft,5,high,advisory,public,no_ai
KT-0019,Highlands,analysis,mixed,predict,2,medium,operational,public,no_ai
KT-0020,Highlands,dissemination,image,classify,4,low,statistical_release,internal,supervised_learning
KT-0021,Central,planning,text,validate,1,high,advisory,internal,no_ai
KT-0022,Central,collection,structured,validate,3,medium,operational,internal,no_ai
KT-0023,Central,processing,structured,allocate,5,low,statistical_release,internal,optimization
KT-0024,Central,analysis,mixed,retrieve,2,high,advisory,internal,no_ai
KT-0025,Central,dissemination,image,draft,4,medium,operational,internal,no_ai
KT-0026,North,planning,text,predict,1,low,statistical_release,internal,no_ai
KT-0027,North,collection,structured,classify,3,low,advisory,internal,supervised_learning
KT-0028,North,processing,mixed,validate,5,high,operational,internal,no_ai
KT-0029,North,analysis,image,validate,2,medium,statistical_release,internal,no_ai
KT-0030,North,dissemination,text,allocate,4,low,advisory,internal,optimization
KT-0031,River,planning,structured,retrieve,1,high,operational,internal,no_ai
KT-0032,River,collection,mixed,draft,3,medium,statistical_release,internal,no_ai
KT-0033,River,processing,image,predict,5,low,advisory,internal,supervised_learning
KT-0034,River,analysis,image,classify,2,high,operational,internal,supervised_learning
KT-0035,River,dissemination,text,validate,4,medium,advisory,internal,no_ai
KT-0036,Highlands,planning,structured,validate,1,low,operational,internal,no_ai
KT-0037,Highlands,collection,mixed,allocate,3,high,statistical_release,internal,no_ai
KT-0038,Highlands,processing,image,retrieve,5,medium,advisory,internal,no_ai
KT-0039,Highlands,analysis,text,draft,2,low,operational,restricted,generative_retrieval
KT-0040,Highlands,dissemination,structured,predict,4,low,statistical_release,restricted,no_ai
KT-0041,Central,planning,mixed,classify,1,high,advisory,restricted,no_ai
KT-0042,Central,collection,image,validate,3,medium,operational,restricted,no_ai
KT-0043,Central,processing,text,validate,5,low,statistical_release,restricted,rule_based
KT-0044,Central,analysis,structured,allocate,2,high,advisory,restricted,optimization
KT-0045,Central,dissemination,structured,retrieve,4,medium,operational,restricted,no_ai
KT-0046,North,planning,mixed,draft,1,low,statistical_release,restricted,no_ai
KT-0047,North,collection,image,predict,3,high,advisory,restricted,supervised_learning
KT-0048,North,processing,text,classify,5,medium,operational,restricted,supervised_learning
KT-0049,North,analysis,structured,validate,2,low,statistical_release,restricted,no_ai
KT-0050,North,dissemination,mixed,validate,4,high,advisory,restricted,no_ai
KT-0051,River,planning,image,allocate,1,medium,operational,restricted,optimization
KT-0052,River,collection,text,retrieve,3,low,advisory,restricted,generative_retrieval
KT-0053,River,processing,structured,draft,5,low,operational,restricted,rule_based
KT-0054,River,analysis,mixed,predict,2,high,statistical_release,restricted,no_ai
KT-0055,River,dissemination,image,classify,4,medium,advisory,restricted,no_ai
KT-0056,Highlands,planning,image,validate,1,low,operational,restricted,no_ai
KT-0057,Highlands,collection,text,validate,3,high,statistical_release,restricted,no_ai
KT-0058,Highlands,processing,structured,allocate,5,medium,advisory,public,optimization
KT-0059,Highlands,analysis,mixed,retrieve,2,low,operational,public,no_ai
KT-0060,Highlands,dissemination,image,draft,4,high,statistical_release,public,no_ai
KT-0061,Central,planning,text,predict,1,medium,advisory,public,no_ai
KT-0062,Central,collection,structured,classify,3,low,operational,public,supervised_learning
KT-0063,Central,processing,mixed,validate,5,high,statistical_release,public,no_ai
KT-0064,Central,analysis,image,validate,2,medium,advisory,public,no_ai
KT-0065,Central,dissemination,text,allocate,4,low,operational,public,optimization
KT-0066,North,planning,structured,retrieve,1,low,statistical_release,public,no_ai
KT-0067,North,collection,structured,draft,3,high,advisory,public,no_ai
KT-0068,North,processing,mixed,predict,5,medium,operational,public,supervised_learning
KT-0069,North,analysis,image,classify,2,low,advisory,public,supervised_learning
KT-0070,North,dissemination,text,validate,4,high,operational,public,no_ai
KT-0071,River,planning,structured,validate,1,medium,statistical_release,public,no_ai
KT-0072,River,collection,mixed,allocate,3,low,advisory,public,optimization
KT-0073,River,processing,image,retrieve,5,high,operational,public,no_ai
KT-0074,River,analysis,text,draft,2,medium,statistical_release,public,generative_retrieval
KT-0075,River,dissemination,structured,predict,4,low,advisory,public,supervised_learning
KT-0076,Highlands,planning,mixed,classify,1,high,operational,public,no_ai
KT-0077,Highlands,collection,image,validate,3,medium,statistical_release,internal,no_ai
KT-0078,Highlands,processing,image,validate,5,low,advisory,internal,rule_based
KT-0079,Highlands,analysis,text,allocate,2,low,operational,internal,optimization
KT-0080,Highlands,dissemination,structured,retrieve,4,high,statistical_release,internal,no_ai
KT-0081,Central,planning,mixed,draft,1,medium,advisory,internal,no_ai
KT-0082,Central,collection,image,predict,3,low,operational,internal,supervised_learning
KT-0083,Central,processing,text,classify,5,high,statistical_release,internal,no_ai
KT-0084,Central,analysis,structured,validate,2,medium,advisory,internal,no_ai
KT-0085,Central,dissemination,mixed,validate,4,low,operational,internal,rule_based
KT-0086,North,planning,image,allocate,1,high,advisory,internal,optimization
KT-0087,North,collection,text,retrieve,3,medium,operational,internal,generative_retrieval
KT-0088,North,processing,structured,draft,5,low,statistical_release,internal,rule_based
KT-0089,North,analysis,structured,predict,2,high,advisory,internal,no_ai
KT-0090,North,dissemination,mixed,classify,4,medium,operational,internal,supervised_learning
KT-0091,River,planning,image,validate,1,low,statistical_release,internal,no_ai
KT-0092,River,collection,text,validate,3,low,advisory,internal,no_ai
KT-0093,River,processing,structured,allocate,5,high,operational,internal,optimization
KT-0094,River,analysis,mixed,retrieve,2,medium,statistical_release,internal,no_ai
KT-0095,River,dissemination,image,draft,4,low,advisory,internal,rule_based
KT-0096,Highlands,planning,text,predict,1,high,operational,restricted,no_ai
KT-0097,Highlands,collection,structured,classify,3,medium,statistical_release,restricted,supervised_learning
KT-0098,Highlands,processing,mixed,validate,5,low,advisory,restricted,rule_based
KT-0099,Highlands,analysis,image,validate,2,high,operational,restricted,no_ai
KT-0100,Highlands,dissemination,image,allocate,4,medium,statistical_release,restricted,no_ai
KT-0101,Central,planning,text,retrieve,1,low,advisory,restricted,generative_retrieval
KT-0102,Central,collection,structured,draft,3,high,operational,restricted,no_ai
KT-0103,Central,processing,mixed,predict,5,medium,advisory,restricted,supervised_learning
KT-0104,Central,analysis,image,classify,2,low,operational,restricted,supervised_learning
KT-0105,Central,dissemination,text,validate,4,low,statistical_release,restricted,no_ai
KT-0106,North,planning,structured,validate,1,high,advisory,restricted,no_ai
KT-0107,North,collection,mixed,allocate,3,medium,operational,restricted,optimization
KT-0108,North,processing,image,retrieve,5,low,statistical_release,restricted,rule_based
KT-0109,North,analysis,text,draft,2,high,advisory,restricted,generative_retrieval
KT-0110,North,dissemination,structured,predict,4,medium,operational,restricted,no_ai
KT-0111,River,planning,structured,classify,1,low,statistical_release,restricted,no_ai
KT-0112,River,collection,mixed,validate,3,high,advisory,restricted,no_ai
KT-0113,River,processing,image,validate,5,medium,operational,restricted,no_ai
KT-0114,River,analysis,text,allocate,2,low,statistical_release,restricted,optimization
KT-0115,River,dissemination,structured,retrieve,4,high,advisory,public,no_ai
KT-0116,Highlands,planning,mixed,draft,1,medium,operational,public,no_ai
KT-0117,Highlands,collection,image,predict,3,low,statistical_release,public,supervised_learning
KT-0118,Highlands,processing,text,classify,5,low,advisory,public,supervised_learning
KT-0119,Highlands,analysis,structured,validate,2,high,operational,public,no_ai
KT-0120,Highlands,dissemination,mixed,validate,4,medium,advisory,public,no_ai
KT-0121,Central,planning,image,allocate,1,low,operational,public,optimization
KT-0122,Central,collection,image,retrieve,3,high,statistical_release,public,no_ai
KT-0123,Central,processing,text,draft,5,medium,advisory,public,generative_retrieval
KT-0124,Central,analysis,structured,predict,2,low,operational,public,no_ai
KT-0125,Central,dissemination,mixed,classify,4,high,statistical_release,public,no_ai
KT-0126,North,planning,image,validate,1,medium,advisory,public,no_ai
KT-0127,North,collection,text,validate,3,low,operational,public,no_ai
KT-0128,North,processing,structured,allocate,5,high,statistical_release,public,no_ai
KT-0129,North,analysis,mixed,retrieve,2,medium,advisory,public,no_ai
KT-0130,North,dissemination,image,draft,4,low,operational,public,rule_based
KT-0131,River,planning,text,predict,1,low,statistical_release,public,no_ai
KT-0132,River,collection,structured,classify,3,high,advisory,public,supervised_learning
KT-0133,River,processing,structured,validate,5,medium,operational,public,no_ai
KT-0134,River,analysis,mixed,validate,2,low,statistical_release,internal,no_ai
KT-0135,River,dissemination,image,allocate,4,high,advisory,internal,optimization
KT-0136,Highlands,planning,text,retrieve,1,medium,operational,internal,generative_retrieval
KT-0137,Highlands,collection,structured,draft,3,low,advisory,internal,no_ai
KT-0138,Highlands,processing,mixed,predict,5,high,operational,internal,supervised_learning
KT-0139,Highlands,analysis,image,classify,2,medium,statistical_release,internal,supervised_learning
KT-0140,Highlands,dissemination,text,validate,4,low,advisory,internal,rule_based
KT-0141,Central,planning,structured,validate,1,high,operational,internal,no_ai
KT-0142,Central,collection,mixed,allocate,3,medium,statistical_release,internal,optimization
KT-0143,Central,processing,image,retrieve,5,low,advisory,internal,rule_based
KT-0144,Central,analysis,image,draft,2,low,operational,internal,no_ai
KT-0145,Central,dissemination,text,predict,4,high,statistical_release,internal,no_ai
KT-0146,North,planning,structured,classify,1,medium,advisory,internal,no_ai
KT-0147,North,collection,mixed,validate,3,low,operational,internal,no_ai
KT-0148,North,processing,image,validate,5,high,statistical_release,internal,no_ai
KT-0149,North,analysis,text,allocate,2,medium,advisory,internal,optimization
KT-0150,North,dissemination,structured,retrieve,4,low,operational,internal,rule_based
KT-0151,River,planning,mixed,draft,1,high,statistical_release,internal,no_ai
KT-0152,River,collection,image,predict,3,medium,advisory,internal,supervised_learning
KT-0153,River,processing,text,classify,5,low,operational,restricted,supervised_learning
KT-0154,River,analysis,structured,validate,2,high,advisory,restricted,no_ai
KT-0155,River,dissemination,structured,validate,4,medium,operational,restricted,no_ai
KT-0156,Highlands,planning,mixed,allocate,1,low,statistical_release,restricted,optimization
KT-0157,Highlands,collection,image,retrieve,3,low,advisory,restricted,no_ai
KT-0158,Highlands,processing,text,draft,5,high,operational,restricted,generative_retrieval
KT-0159,Highlands,analysis,structured,predict,2,medium,statistical_release,restricted,no_ai
KT-0160,Highlands,dissemination,mixed,classify,4,low,advisory,restricted,no_ai
KT-0161,Central,planning,image,validate,1,high,operational,restricted,no_ai
KT-0162,Central,collection,text,validate,3,medium,statistical_release,restricted,no_ai
KT-0163,Central,processing,structured,allocate,5,low,advisory,restricted,optimization
KT-0164,Central,analysis,mixed,retrieve,2,high,operational,restricted,no_ai
KT-0165,Central,dissemination,image,draft,4,medium,statistical_release,restricted,no_ai
KT-0166,North,planning,image,predict,1,low,advisory,restricted,no_ai
KT-0167,North,collection,text,classify,3,high,operational,restricted,supervised_learning
KT-0168,North,processing,structured,validate,5,medium,statistical_release,restricted,no_ai
KT-0169,North,analysis,mixed,validate,2,low,advisory,restricted,no_ai
KT-0170,North,dissemination,image,allocate,4,low,operational,restricted,no_ai
KT-0171,River,planning,text,retrieve,1,high,advisory,restricted,generative_retrieval
KT-0172,River,collection,structured,draft,3,medium,operational,public,no_ai
KT-0173,River,processing,mixed,predict,5,low,statistical_release,public,supervised_learning
KT-0174,River,analysis,image,classify,2,high,advisory,public,supervised_learning
KT-0175,River,dissemination,text,validate,4,medium,operational,public,no_ai
KT-0176,Highlands,planning,structured,validate,1,low,statistical_release,public,no_ai
KT-0177,Highlands,collection,structured,allocate,3,high,advisory,public,optimization
KT-0178,Highlands,processing,mixed,retrieve,5,medium,operational,public,no_ai
KT-0179,Highlands,analysis,image,draft,2,low,statistical_release,public,no_ai
KT-0180,Highlands,dissemination,text,predict,4,high,advisory,public,supervised_learning
KT-0181,Central,planning,structured,classify,1,medium,operational,public,no_ai
KT-0182,Central,collection,mixed,validate,3,low,statistical_release,public,no_ai
KT-0183,Central,processing,image,validate,5,low,advisory,public,rule_based
KT-0184,Central,analysis,text,allocate,2,high,operational,public,optimization
KT-0185,Central,dissemination,structured,retrieve,4,medium,statistical_release,public,no_ai
KT-0186,North,planning,mixed,draft,1,low,advisory,public,no_ai
KT-0187,North,collection,image,predict,3,high,operational,public,supervised_learning
KT-0188,North,processing,image,classify,5,medium,advisory,public,supervised_learning
KT-0189,North,analysis,text,validate,2,low,operational,public,no_ai
KT-0190,North,dissemination,structured,validate,4,high,statistical_release,public,no_ai
KT-0191,River,planning,mixed,allocate,1,medium,advisory,internal,optimization
KT-0192,River,collection,image,retrieve,3,low,operational,internal,no_ai
KT-0193,River,processing,text,draft,5,high,statistical_release,internal,no_ai
KT-0194,River,analysis,structured,predict,2,medium,advisory,internal,no_ai
KT-0195,River,dissemination,mixed,classify,4,low,operational,internal,supervised_learning
KT-0196,Highlands,planning,image,validate,1,low,statistical_release,internal,no_ai
KT-0197,Highlands,collection,text,validate,3,high,advisory,internal,no_ai
KT-0198,Highlands,processing,structured,allocate,5,medium,operational,internal,optimization
KT-0199,Highlands,analysis,structured,retrieve,2,low,statistical_release,internal,no_ai
KT-0200,Highlands,dissemination,mixed,draft,4,high,advisory,internal,no_ai
KT-0201,Central,planning,image,predict,1,medium,operational,internal,no_ai
KT-0202,Central,collection,text,classify,3,low,statistical_release,internal,supervised_learning
KT-0203,Central,processing,structured,validate,5,high,advisory,internal,no_ai
KT-0204,Central,analysis,mixed,validate,2,medium,operational,internal,no_ai
KT-0205,Central,dissemination,image,allocate,4,low,advisory,internal,optimization
KT-0206,North,planning,text,retrieve,1,high,operational,internal,generative_retrieval
KT-0207,North,collection,structured,draft,3,medium,statistical_release,internal,no_ai
KT-0208,North,processing,mixed,predict,5,low,advisory,internal,supervised_learning
KT-0209,North,analysis,image,classify,2,low,operational,internal,supervised_learning
KT-0210,North,dissemination,image,validate,4,high,statistical_release,restricted,no_ai
KT-0211,River,planning,text,validate,1,medium,advisory,restricted,no_ai
KT-0212,River,collection,structured,allocate,3,low,operational,restricted,optimization
KT-0213,River,processing,mixed,retrieve,5,high,statistical_release,restricted,no_ai
KT-0214,River,analysis,image,draft,2,medium,advisory,restricted,no_ai
KT-0215,River,dissemination,text,predict,4,low,operational,restricted,no_ai
KT-0216,Highlands,planning,structured,classify,1,high,statistical_release,restricted,no_ai
KT-0217,Highlands,collection,mixed,validate,3,medium,advisory,restricted,no_ai
KT-0218,Highlands,processing,image,validate,5,low,operational,restricted,rule_based
KT-0219,Highlands,analysis,text,allocate,2,high,statistical_release,restricted,no_ai
KT-0220,Highlands,dissemination,structured,retrieve,4,medium,advisory,restricted,no_ai
KT-0221,Central,planning,structured,draft,1,low,operational,restricted,no_ai
KT-0222,Central,collection,mixed,predict,3,low,advisory,restricted,supervised_learning
KT-0223,Central,processing,image,classify,5,high,operational,restricted,supervised_learning
KT-0224,Central,analysis,text,validate,2,medium,statistical_release,restricted,no_ai
KT-0225,Central,dissemination,structured,validate,4,low,advisory,restricted,no_ai
KT-0226,North,planning,mixed,allocate,1,high,operational,restricted,optimization
KT-0227,North,collection,image,retrieve,3,medium,statistical_release,restricted,no_ai
KT-0228,North,processing,text,draft,5,low,advisory,restricted,generative_retrieval
KT-0229,North,analysis,structured,predict,2,high,operational,public,no_ai
KT-0230,North,dissemination,mixed,classify,4,medium,statistical_release,public,supervised_learning
KT-0231,River,planning,image,validate,1,low,advisory,public,no_ai
KT-0232,River,collection,image,validate,3,high,operational,public,no_ai
KT-0233,River,processing,text,allocate,5,medium,statistical_release,public,optimization
KT-0234,River,analysis,structured,retrieve,2,low,advisory,public,no_ai
KT-0235,River,dissemination,mixed,draft,4,low,operational,public,rule_based
KT-0236,Highlands,planning,image,predict,1,high,statistical_release,public,no_ai
KT-0237,Highlands,collection,text,classify,3,medium,advisory,public,supervised_learning
KT-0238,Highlands,processing,structured,validate,5,low,operational,public,rule_based
KT-0239,Highlands,analysis,mixed,validate,2,high,advisory,public,no_ai
KT-0240,Highlands,dissemination,image,allocate,4,medium,operational,public,optimization
KT-0241,Central,planning,text,retrieve,1,low,statistical_release,public,generative_retrieval
KT-0242,Central,collection,structured,draft,3,high,advisory,public,no_ai
KT-0243,Central,processing,structured,predict,5,medium,operational,public,supervised_learning
KT-0244,Central,analysis,mixed,classify,2,low,statistical_release,public,no_ai
KT-0245,Central,dissemination,image,validate,4,high,advisory,public,no_ai
KT-0246,North,planning,text,validate,1,medium,operational,public,no_ai
KT-0247,North,collection,structured,allocate,3,low,statistical_release,public,optimization
KT-0248,North,processing,mixed,retrieve,5,low,advisory,internal,rule_based
KT-0249,North,analysis,image,draft,2,high,operational,internal,no_ai
KT-0250,North,dissemination,text,predict,4,medium,statistical_release,internal,supervised_learning
KT-0251,River,planning,structured,classify,1,low,advisory,internal,no_ai
KT-0252,River,collection,mixed,validate,3,high,operational,internal,no_ai
KT-0253,River,processing,image,validate,5,medium,statistical_release,internal,no_ai
KT-0254,River,analysis,image,allocate,2,low,advisory,internal,optimization
KT-0255,River,dissemination,text,retrieve,4,high,operational,internal,generative_retrieval
KT-0256,Highlands,planning,structured,draft,1,medium,advisory,internal,no_ai
KT-0257,Highlands,collection,mixed,predict,3,low,operational,internal,supervised_learning
KT-0258,Highlands,processing,image,classify,5,high,statistical_release,internal,no_ai
KT-0259,Highlands,analysis,text,validate,2,medium,advisory,internal,no_ai
KT-0260,Highlands,dissemination,structured,validate,4,low,operational,internal,rule_based
KT-0261,Central,planning,mixed,allocate,1,low,statistical_release,internal,optimization
KT-0262,Central,collection,image,retrieve,3,high,advisory,internal,no_ai
KT-0263,Central,processing,text,draft,5,medium,operational,internal,generative_retrieval
KT-0264,Central,analysis,structured,predict,2,low,statistical_release,internal,no_ai
KT-0265,Central,dissemination,structured,classify,4,high,advisory,internal,supervised_learning
KT-0266,North,planning,mixed,validate,1,medium,operational,internal,no_ai
KT-0267,North,collection,image,validate,3,low,statistical_release,restricted,no_ai
KT-0268,North,processing,text,allocate,5,high,advisory,restricted,optimization
KT-0269,North,analysis,structured,retrieve,2,medium,operational,restricted,no_ai
KT-0270,North,dissemination,mixed,draft,4,low,statistical_release,restricted,no_ai
KT-0271,River,planning,image,predict,1,high,advisory,restricted,no_ai
KT-0272,River,collection,text,classify,3,medium,operational,restricted,supervised_learning
KT-0273,River,processing,structured,validate,5,low,advisory,restricted,rule_based
KT-0274,River,analysis,mixed,validate,2,low,operational,restricted,no_ai
KT-0275,River,dissemination,image,allocate,4,high,statistical_release,restricted,no_ai
KT-0276,Highlands,planning,image,retrieve,1,medium,advisory,restricted,no_ai
KT-0277,Highlands,collection,text,draft,3,low,operational,restricted,generative_retrieval
KT-0278,Highlands,processing,structured,predict,5,high,statistical_release,restricted,no_ai
KT-0279,Highlands,analysis,mixed,classify,2,medium,advisory,restricted,no_ai
KT-0280,Highlands,dissemination,image,validate,4,low,operational,restricted,no_ai
KT-0281,Central,planning,text,validate,1,high,statistical_release,restricted,no_ai
KT-0282,Central,collection,structured,allocate,3,medium,advisory,restricted,optimization
KT-0283,Central,processing,mixed,retrieve,5,low,operational,restricted,rule_based
KT-0284,Central,analysis,image,draft,2,high,statistical_release,restricted,no_ai
KT-0285,Central,dissemination,text,predict,4,medium,advisory,restricted,no_ai
KT-0286,North,planning,structured,classify,1,low,operational,public,no_ai
KT-0287,North,collection,structured,validate,3,low,statistical_release,public,no_ai
KT-0288,North,processing,mixed,validate,5,high,advisory,public,no_ai
KT-0289,North,analysis,image,allocate,2,medium,operational,public,optimization
KT-0290,North,dissemination,text,retrieve,4,low,advisory,public,generative_retrieval
KT-0291,River,planning,structured,draft,1,high,operational,public,no_ai
KT-0292,River,collection,mixed,predict,3,medium,statistical_release,public,supervised_learning
KT-0293,River,processing,image,classify,5,low,advisory,public,supervised_learning
KT-0294,River,analysis,text,validate,2,high,operational,public,no_ai
KT-0295,River,dissemination,structured,validate,4,medium,statistical_release,public,no_ai
KT-0296,Highlands,planning,mixed,allocate,1,low,advisory,public,optimization
KT-0297,Highlands,collection,image,retrieve,3,high,operational,public,no_ai
KT-0298,Highlands,processing,image,draft,5,medium,statistical_release,public,no_ai
KT-0299,Highlands,analysis,text,predict,2,low,advisory,public,no_ai
KT-0300,Highlands,dissemination,structured,classify,4,low,operational,public,supervised_learning
KT-0301,Central,planning,mixed,validate,1,high,statistical_release,public,no_ai
KT-0302,Central,collection,image,validate,3,medium,advisory,public,no_ai
KT-0303,Central,processing,text,allocate,5,low,operational,public,optimization
KT-0304,Central,analysis,structured,retrieve,2,high,statistical_release,public,no_ai
KT-0305,Central,dissemination,mixed,draft,4,medium,advisory,internal,no_ai
KT-0306,North,planning,image,predict,1,low,operational,internal,no_ai
KT-0307,North,collection,text,classify,3,high,advisory,internal,supervised_learning
KT-0308,North,processing,structured,validate,5,medium,operational,internal,no_ai
KT-0309,North,analysis,structured,validate,2,low,statistical_release,internal,no_ai
KT-0310,North,dissemination,mixed,allocate,4,high,advisory,internal,optimization
KT-0311,River,planning,image,retrieve,1,medium,operational,internal,no_ai
KT-0312,River,collection,text,draft,3,low,statistical_release,internal,generative_retrieval
KT-0313,River,processing,structured,predict,5,low,advisory,internal,supervised_learning
KT-0314,River,analysis,mixed,classify,2,high,operational,internal,no_ai
KT-0315,River,dissemination,image,validate,4,medium,statistical_release,internal,no_ai
KT-0316,Highlands,planning,text,validate,1,low,advisory,internal,no_ai
KT-0317,Highlands,collection,structured,allocate,3,high,operational,internal,optimization
KT-0318,Highlands,processing,mixed,retrieve,5,medium,statistical_release,internal,no_ai
KT-0319,Highlands,analysis,image,draft,2,low,advisory,internal,no_ai
KT-0320,Highlands,dissemination,image,predict,4,high,operational,internal,supervised_learning
KT-0321,Central,planning,text,classify,1,medium,statistical_release,internal,no_ai
KT-0322,Central,collection,structured,validate,3,low,advisory,internal,no_ai
KT-0323,Central,processing,mixed,validate,5,high,operational,internal,no_ai
KT-0324,Central,analysis,image,allocate,2,medium,advisory,restricted,optimization
KT-0325,Central,dissemination,text,retrieve,4,low,operational,restricted,no_ai
KT-0326,North,planning,structured,draft,1,low,statistical_release,restricted,no_ai
KT-0327,North,collection,mixed,predict,3,high,advisory,restricted,supervised_learning
KT-0328,North,processing,image,classify,5,medium,operational,restricted,supervised_learning
KT-0329,North,analysis,text,validate,2,low,statistical_release,restricted,no_ai
KT-0330,North,dissemination,structured,validate,4,high,advisory,restricted,no_ai
KT-0331,River,planning,structured,allocate,1,medium,operational,restricted,optimization
KT-0332,River,collection,mixed,retrieve,3,low,statistical_release,restricted,no_ai
KT-0333,River,processing,image,draft,5,high,advisory,restricted,no_ai
KT-0334,River,analysis,text,predict,2,medium,operational,restricted,no_ai
KT-0335,River,dissemination,structured,classify,4,low,statistical_release,restricted,no_ai
KT-0336,Highlands,planning,mixed,validate,1,high,advisory,restricted,no_ai
KT-0337,Highlands,collection,image,validate,3,medium,operational,restricted,no_ai
KT-0338,Highlands,processing,text,allocate,5,low,statistical_release,restricted,optimization
KT-0339,Highlands,analysis,structured,retrieve,2,low,advisory,restricted,no_ai
KT-0340,Highlands,dissemination,mixed,draft,4,high,operational,restricted,no_ai
KT-0341,Central,planning,image,predict,1,medium,advisory,restricted,no_ai
KT-0342,Central,collection,image,classify,3,low,operational,restricted,supervised_learning
KT-0343,Central,processing,text,validate,5,high,statistical_release,public,no_ai
KT-0344,Central,analysis,structured,validate,2,medium,advisory,public,no_ai
KT-0345,Central,dissemination,mixed,allocate,4,low,operational,public,optimization
KT-0346,North,planning,image,retrieve,1,high,statistical_release,public,no_ai
KT-0347,North,collection,text,draft,3,medium,advisory,public,generative_retrieval
KT-0348,North,processing,structured,predict,5,low,operational,public,supervised_learning
KT-0349,North,analysis,mixed,classify,2,high,statistical_release,public,no_ai
KT-0350,North,dissemination,image,validate,4,medium,advisory,public,no_ai
KT-0351,River,planning,text,validate,1,low,operational,public,no_ai
KT-0352,River,collection,structured,allocate,3,low,statistical_release,public,optimization
KT-0353,River,processing,structured,retrieve,5,high,advisory,public,no_ai
KT-0354,River,analysis,mixed,draft,2,medium,operational,public,no_ai
KT-0355,River,dissemination,image,predict,4,low,statistical_release,public,supervised_learning
KT-0356,Highlands,planning,text,classify,1,high,advisory,public,no_ai
KT-0357,Highlands,collection,structured,validate,3,medium,operational,public,no_ai
KT-0358,Highlands,processing,mixed,validate,5,low,advisory,public,rule_based
KT-0359,Highlands,analysis,image,allocate,2,high,operational,public,optimization
KT-0360,Highlands,dissemination,text,retrieve,4,medium,statistical_release,public,generative_retrieval
