AssetID,Asset,Format,Status,Destination
OS-A01-A01,Canonical lesson,DOCX and PDF,Candidate validated,lesson
OS-A01-A02,Executive brief,DOCX and PDF,Planned,executive
OS-A01-A03,Learner guide,DOCX and PDF,Planned,learner
OS-A01-A04,Facilitator guide,DOCX and PDF,Planned,facilitator
OS-A01-A05,Lesson presentation,PPTX and PDF,Planned,slides
OS-A01-A06,Canonical executable notebook,IPYNB,Candidate validated,notebook
OS-A01-A07,Exercises,DOCX and PDF,Planned,assessment
OS-A01-A08,Solutions and decision guide,DOCX and PDF,Planned,assessment
OS-A01-A09,Assessment pack,DOCX and PDF,Planned,assessment
OS-A01-A10,Ecosystem mapping toolkit,XLSX,Source available,data
